date,zone_id,VV_mean,VH_mean
2025-08-22,zone_01,-6.8768,-15.1876
2025-08-22,zone_02,-8.0373,-16.7213
2025-08-22,zone_03,-8.1032,-16.3618
2025-08-22,zone_04,-7.9193,-14.1919
2025-08-22,zone_05,-9.7603,-18.4003
2025-08-22,zone_06,-8.4976,-16.8857
2025-08-22,zone_07,-11.0415,-19.8941
2025-08-22,zone_08,-7.8219,-15.6239
2025-08-22,zone_09,-9.3263,-17.5173
2025-08-22,zone_10,-9.124,-17.9534
2025-08-22,zone_11,-10.0538,-18.0984
2025-08-22,zone_12,-9.6651,-18.8324
2025-08-22,zone_13,-8.3349,-16.9339
2025-08-22,zone_14,-10.1041,-18.66
2025-08-22,zone_15,-10.5431,-18.9485
2025-08-22,zone_16,-12.6379,-19.7946
2025-09-03,zone_01,-6.6861,-14.8815
2025-09-03,zone_02,-7.9936,-16.5263
2025-09-03,zone_03,-8.8076,-16.4849
2025-09-03,zone_04,-7.9396,-13.9269
2025-09-03,zone_05,-9.62,-18.1147
2025-09-03,zone_06,-8.2552,-16.4629
2025-09-03,zone_07,-11.0047,-19.692
2025-09-03,zone_08,-7.936,-15.2314
2025-09-03,zone_09,-8.8457,-17.2304
2025-09-03,zone_10,-9.0538,-17.489
2025-09-03,zone_11,-9.8292,-18.0392
2025-09-03,zone_12,-9.8495,-18.7797
2025-09-03,zone_13,-8.3903,-16.8592
2025-09-03,zone_14,-9.9555,-18.287
2025-09-03,zone_15,-10.5276,-18.6247
2025-09-03,zone_16,-12.3537,-19.6049
2025-09-15,zone_01,-7.7144,-15.7628
2025-09-15,zone_02,-8.7093,-17.4765
2025-09-15,zone_03,-9.4542,-17.6019
2025-09-15,zone_04,-8.4597,-14.8505
2025-09-15,zone_05,-10.9504,-19.8052
2025-09-15,zone_06,-9.4579,-17.7322
2025-09-15,zone_07,-11.739,-20.3276
2025-09-15,zone_08,-8.6786,-16.2097
2025-09-15,zone_09,-10.3233,-19.1072
2025-09-15,zone_10,-10.2692,-18.6278
2025-09-15,zone_11,-10.7535,-18.9755
2025-09-15,zone_12,-10.7273,-20.0406
2025-09-15,zone_13,-9.5518,-18.1
2025-09-15,zone_14,-10.9903,-19.4499
2025-09-15,zone_15,-11.0912,-19.6845
2025-09-15,zone_16,-12.9746,-20.5681
2025-09-27,zone_01,-6.6584,-14.8086
2025-09-27,zone_02,-7.5678,-16.2409
2025-09-27,zone_03,-8.3223,-16.4379
2025-09-27,zone_04,-7.6146,-13.4741
2025-09-27,zone_05,-9.9243,-18.0653
2025-09-27,zone_06,-8.3732,-16.3058
2025-09-27,zone_07,-10.2942,-18.7516
2025-09-27,zone_08,-7.5371,-14.85
2025-09-27,zone_09,-8.8891,-16.9777
2025-09-27,zone_10,-9.0969,-17.1903
2025-09-27,zone_11,-9.7577,-16.98
2025-09-27,zone_12,-9.5038,-18.0979
2025-09-27,zone_13,-8.4686,-16.7008
2025-09-27,zone_14,-9.9418,-17.9111
2025-09-27,zone_15,-10.5194,-18.3945
2025-09-27,zone_16,-12.429,-19.5918
2025-10-09,zone_01,-7.7007,-15.5581
2025-10-09,zone_02,-8.5662,-17.0955
2025-10-09,zone_03,-8.4239,-16.5203
2025-10-09,zone_04,-8.3154,-14.2567
2025-10-09,zone_05,-10.6381,-19.0877
2025-10-09,zone_06,-9.3674,-17.4075
2025-10-09,zone_07,-11.3048,-19.6525
2025-10-09,zone_08,-8.5076,-15.9382
2025-10-09,zone_09,-10.142,-18.699
2025-10-09,zone_10,-10.0814,-18.3147
2025-10-09,zone_11,-10.8665,-18.9478
2025-10-09,zone_12,-10.3393,-19.5651
2025-10-09,zone_13,-9.4226,-17.9224
2025-10-09,zone_14,-10.6226,-19.0175
2025-10-09,zone_15,-11.0728,-19.2819
2025-10-09,zone_16,-13.0067,-20.3601
2025-10-21,zone_01,-8.7526,-16.5033
2025-10-21,zone_02,-9.8141,-18.1147
2025-10-21,zone_03,-9.4524,-17.7239
2025-10-21,zone_04,-8.4444,-14.7959
2025-10-21,zone_05,-12.2687,-21.0171
2025-10-21,zone_06,-10.826,-18.7764
2025-10-21,zone_07,-12.3969,-20.7911
2025-10-21,zone_08,-8.8826,-16.114
2025-10-21,zone_09,-11.7696,-20.6714
2025-10-21,zone_10,-11.4632,-19.6124
2025-10-21,zone_11,-11.5861,-19.8854
2025-10-21,zone_12,-11.3406,-20.9044
2025-10-21,zone_13,-11.1108,-19.3705
2025-10-21,zone_14,-11.6991,-20.4019
2025-10-21,zone_15,-12.0792,-20.6381
2025-10-21,zone_16,-13.5374,-21.0429
2025-11-02,zone_01,-8.5504,-16.3942
2025-11-02,zone_02,-9.4382,-17.8252
2025-11-02,zone_03,-9.1579,-17.6768
2025-11-02,zone_04,-8.4391,-14.5175
2025-11-02,zone_05,-12.3941,-20.9814
2025-11-02,zone_06,-10.7331,-18.8313
2025-11-02,zone_07,-12.4508,-20.8562
2025-11-02,zone_08,-9.0187,-15.9299
2025-11-02,zone_09,-11.4733,-20.3047
2025-11-02,zone_10,-11.4624,-19.6177
2025-11-02,zone_11,-11.921,-20.3041
2025-11-02,zone_12,-11.3582,-21.0715
2025-11-02,zone_13,-11.0681,-19.743
2025-11-02,zone_14,-11.6541,-20.3428
2025-11-02,zone_15,-12.1265,-20.6431
2025-11-02,zone_16,-13.6033,-21.0524
2025-11-14,zone_01,-8.9989,-16.7082
2025-11-14,zone_02,-10.4494,-18.8997
2025-11-14,zone_03,-9.7603,-18.7805
2025-11-14,zone_04,-8.7966,-14.9166
2025-11-14,zone_05,-13.1293,-21.9591
2025-11-14,zone_06,-11.5934,-19.6504
2025-11-14,zone_07,-13.1274,-21.7968
2025-11-14,zone_08,-9.6105,-16.8117
2025-11-14,zone_09,-12.1491,-21.2911
2025-11-14,zone_10,-11.9992,-20.1484
2025-11-14,zone_11,-12.4913,-20.8701
2025-11-14,zone_12,-12.0562,-21.6162
2025-11-14,zone_13,-11.8615,-20.6353
2025-11-14,zone_14,-12.4181,-20.6353
2025-11-14,zone_15,-13.0839,-21.7927
2025-11-14,zone_16,-14.153,-21.6669
2025-11-26,zone_01,-9.0199,-16.7407
2025-11-26,zone_02,-10.1068,-18.5391
2025-11-26,zone_03,-9.7665,-18.1139
2025-11-26,zone_04,-8.764,-14.8974
2025-11-26,zone_05,-13.0385,-21.9947
2025-11-26,zone_06,-11.5813,-19.5334
2025-11-26,zone_07,-13.0752,-21.8398
2025-11-26,zone_08,-9.3268,-16.7775
2025-11-26,zone_09,-11.9781,-21.3888
2025-11-26,zone_10,-11.6481,-19.7693
2025-11-26,zone_11,-12.6463,-21.0751
2025-11-26,zone_12,-12.0157,-21.3928
2025-11-26,zone_13,-11.8491,-20.8498
2025-11-26,zone_14,-12.0668,-20.8951
2025-11-26,zone_15,-12.4901,-21.4799
2025-11-26,zone_16,-14.3184,-21.9083
2025-12-08,zone_01,-9.0591,-16.825
2025-12-08,zone_02,-10.1794,-18.5394
2025-12-08,zone_03,-9.872,-18.5233
2025-12-08,zone_04,-8.9754,-14.977
2025-12-08,zone_05,-13.0226,-22.1352
2025-12-08,zone_06,-11.4079,-19.6856
2025-12-08,zone_07,-13.4933,-22.1504
2025-12-08,zone_08,-9.6355,-16.9126
2025-12-08,zone_09,-12.3339,-21.734
2025-12-08,zone_10,-11.8131,-19.7546
2025-12-08,zone_11,-12.6431,-21.4357
2025-12-08,zone_12,-11.6903,-21.3838
2025-12-08,zone_13,-11.9993,-21.3434
2025-12-08,zone_14,-12.0208,-20.8172
2025-12-08,zone_15,-12.6644,-21.5931
2025-12-08,zone_16,-14.4576,-22.3446
2025-12-20,zone_01,-9.2298,-17.0051
2025-12-20,zone_02,-9.8718,-18.4551
2025-12-20,zone_03,-9.9434,-18.9112
2025-12-20,zone_04,-9.0982,-15.1189
2025-12-20,zone_05,-13.1263,-22.5473
2025-12-20,zone_06,-11.4222,-19.7029
2025-12-20,zone_07,-13.1898,-22.234
2025-12-20,zone_08,-9.7687,-16.9378
2025-12-20,zone_09,-12.2823,-21.5866
2025-12-20,zone_10,-11.793,-20.0557
2025-12-20,zone_11,-12.8979,-21.6986
2025-12-20,zone_12,-11.3814,-21.21
2025-12-20,zone_13,-11.7061,-21.142
2025-12-20,zone_14,-11.792,-20.8026
2025-12-20,zone_15,-12.9354,-21.9836
2025-12-20,zone_16,-14.2473,-22.2312
2026-01-01,zone_01,-9.3422,-17.1578
2026-01-01,zone_02,-10.0246,-18.4763
2026-01-01,zone_03,-9.2638,-18.2535
2026-01-01,zone_04,-9.4992,-15.5569
2026-01-01,zone_05,-13.3543,-22.3049
2026-01-01,zone_06,-11.6166,-19.8563
2026-01-01,zone_07,-13.4918,-22.2189
2026-01-01,zone_08,-9.8528,-17.1816
2026-01-01,zone_09,-12.5654,-21.7737
2026-01-01,zone_10,-11.9659,-20.2196
2026-01-01,zone_11,-12.9162,-21.522
2026-01-01,zone_12,-11.9673,-21.5458
2026-01-01,zone_13,-11.73,-21.236
2026-01-01,zone_14,-12.3835,-21.008
2026-01-01,zone_15,-13.1794,-22.331
2026-01-01,zone_16,-14.4881,-22.6306
2026-01-13,zone_01,-9.2089,-17.0633
2026-01-13,zone_02,-9.8987,-18.432
2026-01-13,zone_03,-9.8871,-18.7113
2026-01-13,zone_04,-9.3331,-15.4494
2026-01-13,zone_05,-13.1489,-22.2813
2026-01-13,zone_06,-11.6463,-19.8673
2026-01-13,zone_07,-13.2345,-22.2186
2026-01-13,zone_08,-9.8245,-17.1693
2026-01-13,zone_09,-12.2641,-21.411
2026-01-13,zone_10,-11.8758,-20.1008
2026-01-13,zone_11,-12.7936,-21.2774
2026-01-13,zone_12,-11.7559,-21.3442
2026-01-13,zone_13,-11.6013,-21.0636
2026-01-13,zone_14,-12.1821,-20.6709
2026-01-13,zone_15,-13.2421,-22.0344
2026-01-13,zone_16,-14.472,-22.531
2026-01-25,zone_01,-9.1965,-17.1265
2026-01-25,zone_02,-9.5585,-18.1062
2026-01-25,zone_03,-9.2768,-18.2867
2026-01-25,zone_04,-9.2067,-15.1177
2026-01-25,zone_05,-13.2406,-22.1078
2026-01-25,zone_06,-11.4889,-19.6089
2026-01-25,zone_07,-13.0924,-22.1532
2026-01-25,zone_08,-9.8359,-16.9624
2026-01-25,zone_09,-12.4393,-21.4208
2026-01-25,zone_10,-11.821,-19.8918
2026-01-25,zone_11,-13.024,-21.5338
2026-01-25,zone_12,-11.7266,-21.4139
2026-01-25,zone_13,-11.6295,-21.0822
2026-01-25,zone_14,-12.1611,-20.7438
2026-01-25,zone_15,-13.0819,-21.8154
2026-01-25,zone_16,-14.5333,-22.3002
2026-02-06,zone_01,-9.2466,-17.1716
2026-02-06,zone_02,-9.7371,-18.1372
2026-02-06,zone_03,-9.7668,-18.5091
2026-02-06,zone_04,-9.1316,-15.0685
2026-02-06,zone_05,-13.0567,-22.4204
2026-02-06,zone_06,-11.5425,-19.5842
2026-02-06,zone_07,-13.1659,-22.1576
2026-02-06,zone_08,-9.6773,-16.9793
2026-02-06,zone_09,-12.2219,-21.4148
2026-02-06,zone_10,-11.9444,-19.9165
2026-02-06,zone_11,-12.9883,-21.2717
2026-02-06,zone_12,-11.9289,-21.5892
2026-02-06,zone_13,-11.5994,-20.9214
2026-02-06,zone_14,-12.172,-20.7795
2026-02-06,zone_15,-13.0062,-21.7198
2026-02-06,zone_16,-14.5655,-22.4543
2026-02-18,zone_01,-9.2836,-17.401
2026-02-18,zone_02,-9.967,-18.2325
2026-02-18,zone_03,-9.9641,-18.6273
2026-02-18,zone_04,-9.182,-15.2148
2026-02-18,zone_05,-13.0423,-21.9691
2026-02-18,zone_06,-11.5598,-19.6891
2026-02-18,zone_07,-13.4422,-22.2462
2026-02-18,zone_08,-10.0283,-17.1241
2026-02-18,zone_09,-12.5029,-21.2088
2026-02-18,zone_10,-11.9482,-20.0108
2026-02-18,zone_11,-13.1937,-21.6275
2026-02-18,zone_12,-12.2391,-21.7411
2026-02-18,zone_13,-11.7151,-21.0821
2026-02-18,zone_14,-11.9628,-20.6116
2026-02-18,zone_15,-12.9666,-22.0991
2026-02-18,zone_16,-14.5224,-22.431
2026-03-02,zone_01,-9.3315,-17.3479
2026-03-02,zone_02,-9.7086,-18.1756
2026-03-02,zone_03,-10.0107,-18.5224
2026-03-02,zone_04,-9.1501,-14.9889
2026-03-02,zone_05,-12.8666,-21.79
2026-03-02,zone_06,-11.3367,-19.4922
2026-03-02,zone_07,-13.4399,-22.4766
2026-03-02,zone_08,-9.8022,-16.9111
2026-03-02,zone_09,-11.8185,-20.9291
2026-03-02,zone_10,-11.8295,-19.9097
2026-03-02,zone_11,-12.7964,-21.2175
2026-03-02,zone_12,-12.0536,-21.6709
2026-03-02,zone_13,-11.4079,-20.9709
2026-03-02,zone_14,-11.6645,-20.3203
2026-03-02,zone_15,-13.117,-21.523
2026-03-02,zone_16,-14.3776,-22.4305
2026-03-14,zone_01,-9.3699,-17.4202
2026-03-14,zone_02,-9.7011,-17.9187
2026-03-14,zone_03,-9.2755,-18.3864
2026-03-14,zone_04,-9.0446,-15.2207
2026-03-14,zone_05,-12.6454,-21.3681
2026-03-14,zone_06,-11.3158,-19.2895
2026-03-14,zone_07,-13.3104,-22.1352
2026-03-14,zone_08,-9.4709,-16.8504
2026-03-14,zone_09,-12.1607,-20.5849
2026-03-14,zone_10,-11.7658,-19.7838
2026-03-14,zone_11,-13.0245,-21.1201
2026-03-14,zone_12,-11.8664,-21.321
2026-03-14,zone_13,-11.4003,-20.6831
2026-03-14,zone_14,-11.7535,-20.0371
2026-03-14,zone_15,-12.9136,-21.3342
2026-03-14,zone_16,-14.2812,-22.1874
2026-03-26,zone_01,-9.2417,-17.3048
2026-03-26,zone_02,-9.7552,-18.1966
2026-03-26,zone_03,-9.6391,-18.3029
2026-03-26,zone_04,-9.1471,-15.055
2026-03-26,zone_05,-12.9766,-21.7247
2026-03-26,zone_06,-11.3245,-19.2238
2026-03-26,zone_07,-13.7372,-22.4482
2026-03-26,zone_08,-9.3917,-16.8423
2026-03-26,zone_09,-12.2545,-20.8642
2026-03-26,zone_10,-11.5237,-19.5511
2026-03-26,zone_11,-12.8255,-21.0267
2026-03-26,zone_12,-11.5699,-20.9116
2026-03-26,zone_13,-11.3842,-20.781
2026-03-26,zone_14,-11.7378,-20.1603
2026-03-26,zone_15,-13.2159,-21.8905
2026-03-26,zone_16,-14.2077,-21.9535
2026-04-07,zone_01,-9.2213,-17.3627
2026-04-07,zone_02,-10.1461,-18.5719
2026-04-07,zone_03,-9.5229,-18.5339
2026-04-07,zone_04,-9.3838,-15.5867
2026-04-07,zone_05,-13.199,-22.4777
2026-04-07,zone_06,-11.316,-19.9748
2026-04-07,zone_07,-13.4824,-23.2282
2026-04-07,zone_08,-9.7666,-17.41
2026-04-07,zone_09,-12.106,-21.6006
2026-04-07,zone_10,-11.6713,-20.5048
2026-04-07,zone_11,-12.8014,-22.2181
2026-04-07,zone_12,-11.9253,-22.3557
2026-04-07,zone_13,-11.3279,-20.9353
2026-04-07,zone_14,-11.4398,-20.7305
2026-04-07,zone_15,-13.2566,-22.4779
2026-04-07,zone_16,-14.0692,-22.6754
2026-04-19,zone_01,-9.1679,-17.3344
2026-04-19,zone_02,-9.8777,-18.2657
2026-04-19,zone_03,-9.8047,-18.6661
2026-04-19,zone_04,-9.1311,-15.1183
2026-04-19,zone_05,-12.8441,-21.6077
2026-04-19,zone_06,-11.1539,-19.1836
2026-04-19,zone_07,-13.1158,-22.3499
2026-04-19,zone_08,-9.4471,-17.004
2026-04-19,zone_09,-12.0492,-21.2589
2026-04-19,zone_10,-11.6648,-19.7876
2026-04-19,zone_11,-12.8517,-21.3635
2026-04-19,zone_12,-11.9443,-21.3838
2026-04-19,zone_13,-11.649,-20.9552
2026-04-19,zone_14,-11.8062,-20.5506
2026-04-19,zone_15,-13.3976,-22.06
2026-04-19,zone_16,-14.2265,-22.4166
2026-05-01,zone_01,-9.142,-17.6258
2026-05-01,zone_02,-9.6556,-18.3369
2026-05-01,zone_03,-9.8046,-18.7427
2026-05-01,zone_04,-9.2883,-15.5378
2026-05-01,zone_05,-12.6375,-21.4847
2026-05-01,zone_06,-11.158,-19.5712
2026-05-01,zone_07,-13.3359,-22.6268
2026-05-01,zone_08,-9.9662,-17.1334
2026-05-01,zone_09,-11.9153,-20.7895
2026-05-01,zone_10,-11.4965,-19.8222
2026-05-01,zone_11,-12.6684,-21.2309
2026-05-01,zone_12,-12.0081,-21.6099
2026-05-01,zone_13,-11.5119,-20.8741
2026-05-01,zone_14,-11.6931,-20.8302
2026-05-01,zone_15,-13.1768,-22.1548
2026-05-01,zone_16,-14.3508,-22.5944
2026-05-13,zone_01,-9.3027,-17.8029
2026-05-13,zone_02,-10.0577,-18.4743
2026-05-13,zone_03,-9.904,-18.501
2026-05-13,zone_04,-9.1632,-15.3418
2026-05-13,zone_05,-12.882,-22.5737
2026-05-13,zone_06,-11.4466,-20.0465
2026-05-13,zone_07,-13.5435,-23.3472
2026-05-13,zone_08,-9.387,-16.7728
2026-05-13,zone_09,-12.0844,-21.5558
2026-05-13,zone_10,-11.7283,-20.2406
2026-05-13,zone_11,-12.7376,-21.6427
2026-05-13,zone_12,-12.0027,-22.2143
2026-05-13,zone_13,-11.8417,-21.2417
2026-05-13,zone_14,-12.3839,-21.7098
2026-05-13,zone_15,-13.3184,-22.876
2026-05-13,zone_16,-14.6023,-22.7354
2026-06-06,zone_01,-9.0366,-17.7727
2026-06-06,zone_02,-9.679,-18.3805
2026-06-06,zone_03,-10.1908,-19.054
2026-06-06,zone_04,-9.0266,-15.537
2026-06-06,zone_05,-12.6716,-22.68
2026-06-06,zone_06,-11.4466,-20.2516
2026-06-06,zone_07,-13.1286,-22.8558
2026-06-06,zone_08,-9.3951,-17.2171
2026-06-06,zone_09,-12.1115,-21.8143
2026-06-06,zone_10,-11.6968,-20.2313
2026-06-06,zone_11,-12.8379,-22.1986
2026-06-06,zone_12,-11.8053,-21.9555
2026-06-06,zone_13,-11.5628,-21.3306
2026-06-06,zone_14,-11.8021,-21.4164
2026-06-06,zone_15,-13.2732,-22.5173
2026-06-06,zone_16,-14.3333,-23.1178
2026-06-18,zone_01,-9.2613,-17.8031
2026-06-18,zone_02,-10.1181,-18.6579
2026-06-18,zone_03,-9.8357,-18.888
2026-06-18,zone_04,-9.14,-15.567
2026-06-18,zone_05,-12.632,-22.2735
2026-06-18,zone_06,-11.3398,-19.9536
2026-06-18,zone_07,-13.2043,-22.9273
2026-06-18,zone_08,-9.3996,-17.3364
2026-06-18,zone_09,-12.1823,-21.6442
2026-06-18,zone_10,-11.568,-20.0057
2026-06-18,zone_11,-12.7516,-21.9549
2026-06-18,zone_12,-11.7229,-21.9238
2026-06-18,zone_13,-11.6544,-21.1262
2026-06-18,zone_14,-11.7943,-21.0344
2026-06-18,zone_15,-13.5491,-22.594
2026-06-18,zone_16,-14.3567,-22.7493
2026-06-25,zone_01,-9.1763,-17.8464
2026-06-25,zone_02,-9.9803,-18.6883
2026-06-25,zone_03,-9.7523,-19.1388
2026-06-25,zone_04,-9.6471,-15.7952
2026-06-25,zone_05,-12.7463,-22.5522
2026-06-25,zone_06,-11.4792,-20.509
2026-06-25,zone_07,-13.476,-23.2891
2026-06-25,zone_08,-10.0249,-17.5751
2026-06-25,zone_09,-12.2194,-21.6745
2026-06-25,zone_10,-12.0047,-20.3843
2026-06-25,zone_11,-13.1589,-22.4394
2026-06-25,zone_12,-12.507,-22.6191
2026-06-25,zone_13,-11.6837,-21.1348
2026-06-25,zone_14,-11.7302,-21.1033
2026-06-25,zone_15,-13.5501,-22.7991
2026-06-25,zone_16,-14.8154,-23.2481
2026-07-07,zone_01,-6.8689,-15.1717
2026-07-07,zone_02,-7.7444,-16.1313
2026-07-07,zone_03,-8.089,-16.2592
2026-07-07,zone_04,-7.4778,-13.2614
2026-07-07,zone_05,-9.0167,-17.644
2026-07-07,zone_06,-8.5286,-16.5936
2026-07-07,zone_07,-10.2952,-18.8812
2026-07-07,zone_08,-7.5671,-14.7394
2026-07-07,zone_09,-9.6336,-17.9496
2026-07-07,zone_10,-9.3265,-17.2194
2026-07-07,zone_11,-10.0968,-18.2234
2026-07-07,zone_12,-9.0088,-17.724
2026-07-07,zone_13,-9.2143,-17.3997
2026-07-07,zone_14,-9.653,-18.1871
2026-07-07,zone_15,-12.1168,-19.8546
2026-07-07,zone_16,-12.4976,-19.2485
2026-07-19,zone_01,-7.0427,-15.4966
2026-07-19,zone_02,-7.9566,-16.5468
2026-07-19,zone_03,-8.3543,-16.8824
2026-07-19,zone_04,-8.2406,-14.1727
2026-07-19,zone_05,-9.164,-18.218
2026-07-19,zone_06,-8.8157,-17.2346
2026-07-19,zone_07,-10.9641,-19.7532
2026-07-19,zone_08,-8.2129,-15.2782
2026-07-19,zone_09,-9.8437,-18.2417
2026-07-19,zone_10,-9.5619,-17.5197
2026-07-19,zone_11,-10.3891,-18.4677
2026-07-19,zone_12,-9.1712,-17.9461
2026-07-19,zone_13,-9.41,-17.6828
2026-07-19,zone_14,-9.651,-18.1648
2026-07-19,zone_15,-12.1901,-20.3225
2026-07-19,zone_16,-12.8572,-19.8162
2026-07-31,zone_01,-6.9091,-15.4014
2026-07-31,zone_02,-8.1948,-16.4863
2026-07-31,zone_03,-8.4301,-16.9103
2026-07-31,zone_04,-8.7275,-14.4049
2026-07-31,zone_05,-9.2915,-18.1258
2026-07-31,zone_06,-8.9514,-17.2949
2026-07-31,zone_07,-10.9781,-20.0349
2026-07-31,zone_08,-8.479,-15.4717
2026-07-31,zone_09,-9.9278,-18.5085
2026-07-31,zone_10,-9.4719,-17.8909
2026-07-31,zone_11,-9.855,-18.4615
2026-07-31,zone_12,-9.5557,-18.8085
2026-07-31,zone_13,-9.3599,-17.5941
2026-07-31,zone_14,-9.1535,-17.6506
2026-07-31,zone_15,-11.2895,-20.0304
2026-07-31,zone_16,-12.4855,-19.9589
2026-08-12,zone_01,-7.2944,-15.5196
2026-08-12,zone_02,-8.8232,-17.1125
2026-08-12,zone_03,-8.5452,-17.1042
2026-08-12,zone_04,-8.2577,-14.1667
2026-08-12,zone_05,-9.8184,-19.0291
2026-08-12,zone_06,-9.2681,-17.637
2026-08-12,zone_07,-11.2877,-20.3887
2026-08-12,zone_08,-8.0274,-15.3631
2026-08-12,zone_09,-10.5745,-19.5137
2026-08-12,zone_10,-9.9347,-18.1532
2026-08-12,zone_11,-10.0119,-18.8028
2026-08-12,zone_12,-9.6571,-18.7315
2026-08-12,zone_13,-9.8229,-18.2739
2026-08-12,zone_14,-9.8467,-18.6948
2026-08-12,zone_15,-12.2891,-20.7987
2026-08-12,zone_16,-12.5742,-19.9305
